{
  "project_info": {
    "project_number": "594911777886",
    "firebase_url": "https://sarawak-covid-19-information-default-rtdb.asia-southeast1.firebasedatabase.app",
    "project_id": "sarawak-covid-19-information",
    "storage_bucket": "sarawak-covid-19-information.appspot.com"
  },
  "client": [
    {
      "client_info": {
        "mobilesdk_app_id": "1:594911777886:android:81a68bf4ea8e950e9890cf",
        "android_client_info": {
          "package_name": "com.example.covid19_info"
        }
      },
      "oauth_client": [
        {
          "client_id": "594911777886-k5bj6kkj7mreoh67m8r8pkah3qr4ubab.apps.googleusercontent.com",
          "client_type": 1,
          "android_info": {
            "package_name": "com.example.covid19_info",
            "certificate_hash": "21aa3667e46505c92b1b606214e026fc4a637f5e"
          }
        },
        {
          "client_id": "594911777886-qpof53qg3ftljnbmmca0uu87a42a10oa.apps.googleusercontent.com",
          "client_type": 3
        }
      ],
      "api_key": [
        {
          "current_key": "AIzaSyDliJZBXEa8D0ftcj3Pu_GPjqO9wj4hrUU"
        }
      ],
      "services": {
        "appinvite_service": {
          "other_platform_oauth_client": [
            {
              "client_id": "594911777886-qpof53qg3ftljnbmmca0uu87a42a10oa.apps.googleusercontent.com",
              "client_type": 3
            }
          ]
        }
      }
    },
    {
      "client_info": {
        "mobilesdk_app_id": "1:594911777886:android:6037402e72fc56fd9890cf",
        "android_client_info": {
          "package_name": "com.example.sarawak_covid19_information"
        }
      },
      "oauth_client": [
        {
          "client_id": "594911777886-qpof53qg3ftljnbmmca0uu87a42a10oa.apps.googleusercontent.com",
          "client_type": 3
        }
      ],
      "api_key": [
        {
          "current_key": "AIzaSyDliJZBXEa8D0ftcj3Pu_GPjqO9wj4hrUU"
        }
      ],
      "services": {
        "appinvite_service": {
          "other_platform_oauth_client": [
            {
              "client_id": "594911777886-qpof53qg3ftljnbmmca0uu87a42a10oa.apps.googleusercontent.com",
              "client_type": 3
            }
          ]
        }
      }
    }
  ],
  "configuration_version": "1"
}